{
  "version": 2,
  "buildCommand": "npm run build",
  "outputDirectory": "dist",
  "builds": [
    {
      "src": "dist/main.js",
      "use": "@vercel/node",
      "config": {
        "maxLambdaSize": "15mb",
        "includeFiles": [
          "dist/**",
          "public/**",
          "node_modules/@nestjs/swagger/**"
        ]
      }
    }
  ],
  "routes": [
    {
      "src": "/uploads/(.*)",
      "dest": "/public/uploads/$1",
      "headers": {
        "Cache-Control": "public, max-age=31536000, immutable"
      }
    },
    {
      "src": "/tmp/(.*)",
      "dest": "/tmp/$1",
      "headers": {
        "Cache-Control": "public, max-age=3600"
      }
    },
    {
      "src": "/api/docs/(.*)",
      "dest": "dist/main.js",
      "methods": ["GET", "POST", "PUT", "DELETE", "PATCH", "OPTIONS"],
      "headers": {
        "Access-Control-Allow-Origin": "*",
        "Access-Control-Allow-Headers": "Origin, X-Requested-With, Content-Type, Accept, Authorization",
        "Access-Control-Allow-Credentials": "true",
        "Cache-Control": "no-cache, no-store, must-revalidate"
      }
    },
    {
      "src": "/api/(.*)",
      "dest": "dist/main.js",
      "methods": ["GET", "POST", "PUT", "DELETE", "PATCH", "OPTIONS"],
      "headers": {
        "Access-Control-Allow-Origin": "*",
        "Access-Control-Allow-Headers": "Origin, X-Requested-With, Content-Type, Accept, Authorization",
        "Access-Control-Allow-Credentials": "true"
      }
    },
    {
      "src": "/(.*)",
      "dest": "dist/main.js"
    }
  ],
  "env": {
    "NODE_ENV": "production"
  }
} 