{
    "keep": {
        "days": true,
        "amount": 30
    },
    "auditLog": "/Users/macbookpro/Desktop/Projet_Reserve_chap/nestjseti_immo_backend/logs/.0798e49a75b49ed384173bb7dba80183cf4d2748-audit.json",
    "files": [
        {
            "date": 1750463250482,
            "name": "/Users/macbookpro/Desktop/Projet_Reserve_chap/nestjseti_immo_backend/logs/error-2025-06-20.log",
            "hash": "b8eb8dc089ce1a3fb0598bf3de6d59836b72924d46a993eb3e57ada28bf33a09"
        }
    ],
    "hashType": "sha256"
}