{
    "keep": {
        "days": true,
        "amount": 7
    },
    "auditLog": "/Users/macbookpro/Desktop/Projet_Reserve_chap/nestjseti_immo_backend/logs/.32da91f65982fd7de5f1ec1373f6c183243f0f86-audit.json",
    "files": [
        {
            "date": 1750463250483,
            "name": "/Users/macbookpro/Desktop/Projet_Reserve_chap/nestjseti_immo_backend/logs/debug-2025-06-20.log",
            "hash": "ee9e64d27fb985a6b503139fc76853abed4d7525809c7c74b38f25920f509e22"
        }
    ],
    "hashType": "sha256"
}