{
    "keep": {
        "days": true,
        "amount": 30
    },
    "auditLog": "/Users/macbookpro/Desktop/Projet_Reserve_chap/nestjseti_immo_backend/logs/.4699320214d6bfa069eae554d6f6a5db8d254f6f-audit.json",
    "files": [
        {
            "date": 1750463250486,
            "name": "/Users/macbookpro/Desktop/Projet_Reserve_chap/nestjseti_immo_backend/logs/security-2025-06-20.log",
            "hash": "eb9f91ceaf3a5e8ed97fe82a9434eb4087db67ec5141f6f0c90636c21252286c"
        }
    ],
    "hashType": "sha256"
}