{
    "keep": {
        "days": true,
        "amount": 14
    },
    "auditLog": "/Users/macbookpro/Desktop/Projet_Reserve_chap/nestjseti_immo_backend/logs/.64f1882844250736873debe30e5c4379254d16e9-audit.json",
    "files": [
        {
            "date": 1750463250485,
            "name": "/Users/macbookpro/Desktop/Projet_Reserve_chap/nestjseti_immo_backend/logs/database-2025-06-20.log",
            "hash": "630d282ffae4dfb8955163b086ded00ad905e217b4b1c3230085f3535a49e2c2"
        }
    ],
    "hashType": "sha256"
}