{
    "keep": {
        "days": true,
        "amount": 14
    },
    "auditLog": "/Users/macbookpro/Desktop/Projet_Reserve_chap/nestjseti_immo_backend/logs/.65a451ac409d62bc7df6fdd9f106af830df462e7-audit.json",
    "files": [
        {
            "date": 1750463250479,
            "name": "/Users/macbookpro/Desktop/Projet_Reserve_chap/nestjseti_immo_backend/logs/application-2025-06-20.log",
            "hash": "7835d9e94ee0ca780ff00bf0005b7770d8adfb8ae5b87798220050d601b5412f"
        }
    ],
    "hashType": "sha256"
}