{
    "keep": {
        "days": true,
        "amount": 14
    },
    "auditLog": "/Users/macbookpro/Desktop/Projet_Reserve_chap/nestjseti_immo_backend/logs/.9abafa4e60599f3822c26f6945bd069cc4a80f16-audit.json",
    "files": [
        {
            "date": 1750463250484,
            "name": "/Users/macbookpro/Desktop/Projet_Reserve_chap/nestjseti_immo_backend/logs/access-2025-06-20.log",
            "hash": "0ee2727449b5187a3d66f2869936705ccb135a93e2633712cddf5c658e257f6c"
        }
    ],
    "hashType": "sha256"
}